java/io/aharoj/TerminalCell.java,0.1
java/io/aharoj/TerminalModel.java,0
java/io/aharoj/JTerminal.java,0.2911392405063291
java/io/aharoj/AbstractTerminalModel.java,0.36
java/io/aharoj/App.java,0.0
java/io/aharoj/package-info.java,0
java/io/aharoj/vt100/SgrColor.java,0.0
java/io/aharoj/vt100/AnsiControlSequenceListener.java,0
java/io/aharoj/vt100/AnsiControlSequence.java,0.17647058823529413
java/io/aharoj/vt100/package-info.java,0
java/io/aharoj/vt100/AnsiControlSequenceParser.java,0.28169014084507044
java/io/aharoj/vt100/Vt100TerminalModel.java,0.34944237918215615
java/io/aharoj/bell/BellStrategy.java,0
java/io/aharoj/bell/NopBellStrategy.java,0.0
java/io/aharoj/bell/BeepBellStrategy.java,0.0
java/io/aharoj/bell/package-info.java,0
